price,size,floor,municipality,hasLift,propertyType_chalet,propertyType_countryHouse,propertyType_duplex,propertyType_flat,propertyType_penthouse,propertyType_studio,rooms_1 habitacion,rooms_2 habitaciones,rooms_3 habitaciones,rooms_4 habitaciones,rooms_sin habitaciones,bathrooms_1 aseo,bathrooms_2 aseos,bathrooms_3 aseos,exterior_vista exterior,exterior_vista interior
750.0,60.0,697.6898426464414,702.071794642295,702.2528716519531,0.0,0.0,0.0,1.0,0.0,0.0,1.0,0.0,0.0,0.0,0.0,1.0,0.0,0.0,1.0,0.0
750.0,70.0,678.6640137059316,701.8404877613661,687.6335443592284,0.0,0.0,0.0,1.0,0.0,0.0,0.0,1.0,0.0,0.0,0.0,1.0,0.0,0.0,1.0,0.0
400.0,67.0,696.0922226905212,688.4800744480785,687.6335443592284,0.0,0.0,0.0,0.0,1.0,0.0,0.0,1.0,0.0,0.0,0.0,0.0,1.0,0.0,1.0,0.0
590.0,70.0,670.416612627114,677.8219843307708,687.6335443592284,0.0,0.0,0.0,1.0,0.0,0.0,0.0,0.0,1.0,0.0,0.0,0.0,1.0,0.0,1.0,0.0
684.0,45.0,670.416612627114,702.071794642295,673.705516292519,0.0,0.0,0.0,0.0,0.0,1.0,0.0,0.0,0.0,0.0,1.0,1.0,0.0,0.0,1.0,0.0
600.0,73.0,697.6898426464414,677.8219843307708,687.6335443592284,0.0,0.0,0.0,1.0,0.0,0.0,0.0,1.0,0.0,0.0,0.0,1.0,0.0,0.0,1.0,0.0
600.0,71.0,701.6980775674542,702.071794642295,687.6335443592284,0.0,0.0,1.0,0.0,0.0,0.0,1.0,0.0,0.0,0.0,0.0,1.0,0.0,0.0,1.0,0.0
550.0,53.0,701.6980775674542,702.071794642295,687.6335443592284,0.0,0.0,0.0,1.0,0.0,0.0,1.0,0.0,0.0,0.0,0.0,1.0,0.0,0.0,1.0,0.0
700.0,28.0,701.6980775674542,702.071794642295,687.6335443592284,0.0,0.0,0.0,0.0,0.0,1.0,0.0,0.0,0.0,0.0,1.0,1.0,0.0,0.0,1.0,0.0
700.0,86.0,697.6898426464414,702.071794642295,702.2528716519531,0.0,0.0,1.0,0.0,0.0,0.0,0.0,1.0,0.0,0.0,0.0,1.0,0.0,0.0,1.0,0.0
700.0,45.0,698.3045241054774,702.071794642295,687.6335443592284,0.0,0.0,0.0,1.0,0.0,0.0,1.0,0.0,0.0,0.0,0.0,1.0,0.0,0.0,0.0,1.0
550.0,54.0,690.2090043772075,677.8219843307708,687.6335443592284,0.0,0.0,0.0,1.0,0.0,0.0,0.0,1.0,0.0,0.0,0.0,1.0,0.0,0.0,1.0,0.0
695.0,64.0,701.6980775674542,701.8404877613661,687.6335443592284,0.0,0.0,0.0,1.0,0.0,0.0,0.0,1.0,0.0,0.0,0.0,1.0,0.0,0.0,1.0,0.0
650.0,68.0,678.6640137059316,702.071794642295,687.6335443592284,0.0,0.0,0.0,1.0,0.0,0.0,0.0,1.0,0.0,0.0,0.0,1.0,0.0,0.0,1.0,0.0
700.0,30.0,701.6980775674542,702.071794642295,702.2528716519531,0.0,0.0,0.0,1.0,0.0,0.0,1.0,0.0,0.0,0.0,0.0,1.0,0.0,0.0,0.0,1.0
700.0,35.0,701.6980775674542,702.071794642295,687.6335443592284,0.0,0.0,0.0,1.0,0.0,0.0,1.0,0.0,0.0,0.0,0.0,1.0,0.0,0.0,0.0,1.0
700.0,43.0,696.0922226905212,702.071794642295,702.2528716519531,0.0,0.0,0.0,1.0,0.0,0.0,1.0,0.0,0.0,0.0,0.0,1.0,0.0,0.0,1.0,0.0
650.0,60.0,701.6980775674542,702.071794642295,687.6335443592284,0.0,0.0,0.0,1.0,0.0,0.0,0.0,1.0,0.0,0.0,0.0,1.0,0.0,0.0,1.0,0.0
650.0,206.0,670.416612627114,688.4800744480785,673.705516292519,1.0,0.0,0.0,0.0,0.0,0.0,0.0,0.0,1.0,0.0,0.0,1.0,0.0,0.0,0.0,1.0
700.0,105.0,678.6640137059316,677.8219843307708,687.6335443592284,0.0,0.0,0.0,1.0,0.0,0.0,0.0,0.0,1.0,0.0,0.0,0.0,1.0,0.0,1.0,0.0
695.0,40.0,710.7500724586687,702.071794642295,702.2528716519531,0.0,0.0,0.0,1.0,0.0,0.0,1.0,0.0,0.0,0.0,0.0,1.0,0.0,0.0,0.0,1.0
675.0,40.0,678.6640137059316,702.071794642295,687.6335443592284,0.0,0.0,0.0,1.0,0.0,0.0,1.0,0.0,0.0,0.0,0.0,1.0,0.0,0.0,1.0,0.0
750.0,45.0,678.6640137059316,702.071794642295,702.2528716519531,0.0,0.0,0.0,0.0,0.0,1.0,0.0,0.0,0.0,0.0,1.0,1.0,0.0,0.0,0.0,1.0
750.0,99.0,701.6980775674542,677.8219843307708,702.2528716519531,0.0,0.0,0.0,1.0,0.0,0.0,0.0,0.0,1.0,0.0,0.0,0.0,1.0,0.0,1.0,0.0
680.0,38.0,701.6980775674542,702.071794642295,702.2528716519531,0.0,0.0,0.0,1.0,0.0,0.0,1.0,0.0,0.0,0.0,0.0,1.0,0.0,0.0,0.0,1.0
750.0,51.0,701.6980775674542,702.071794642295,702.2528716519531,0.0,0.0,0.0,1.0,0.0,0.0,1.0,0.0,0.0,0.0,0.0,1.0,0.0,0.0,1.0,0.0
750.0,60.0,696.0922226905212,701.8404877613661,687.6335443592284,0.0,0.0,0.0,0.0,1.0,0.0,1.0,0.0,0.0,0.0,0.0,1.0,0.0,0.0,1.0,0.0
750.0,25.0,710.7500724586687,702.071794642295,702.2528716519531,0.0,0.0,0.0,0.0,0.0,1.0,0.0,0.0,0.0,0.0,1.0,1.0,0.0,0.0,0.0,1.0
750.0,40.0,701.6980775674542,702.071794642295,687.6335443592284,0.0,0.0,0.0,1.0,0.0,0.0,1.0,0.0,0.0,0.0,0.0,1.0,0.0,0.0,0.0,1.0
650.0,62.0,701.6980775674542,702.071794642295,687.6335443592284,0.0,0.0,0.0,1.0,0.0,0.0,0.0,1.0,0.0,0.0,0.0,1.0,0.0,0.0,1.0,0.0
750.0,30.0,697.6898426464414,702.071794642295,687.6335443592284,0.0,0.0,0.0,0.0,0.0,1.0,0.0,0.0,0.0,0.0,1.0,1.0,0.0,0.0,1.0,0.0
750.0,39.0,698.3045241054774,702.071794642295,687.6335443592284,0.0,0.0,0.0,1.0,0.0,0.0,1.0,0.0,0.0,0.0,0.0,1.0,0.0,0.0,0.0,1.0
700.0,62.0,697.6898426464414,702.071794642295,687.6335443592284,0.0,0.0,0.0,1.0,0.0,0.0,0.0,1.0,0.0,0.0,0.0,1.0,0.0,0.0,1.0,0.0
747.0,96.0,701.6980775674542,677.8219843307708,702.2528716519531,0.0,0.0,0.0,1.0,0.0,0.0,0.0,0.0,1.0,0.0,0.0,0.0,1.0,0.0,1.0,0.0
640.0,35.0,701.6980775674542,702.071794642295,702.2528716519531,0.0,0.0,0.0,0.0,0.0,1.0,0.0,0.0,0.0,0.0,1.0,1.0,0.0,0.0,1.0,0.0
750.0,30.0,698.899400322301,702.071794642295,702.2528716519531,0.0,0.0,0.0,1.0,0.0,0.0,1.0,0.0,0.0,0.0,0.0,1.0,0.0,0.0,0.0,1.0
750.0,70.0,696.0922226905212,677.8219843307708,702.2528716519531,0.0,0.0,0.0,1.0,0.0,0.0,0.0,1.0,0.0,0.0,0.0,1.0,0.0,0.0,1.0,0.0
625.0,52.0,696.0922226905212,702.071794642295,687.6335443592284,0.0,0.0,0.0,1.0,0.0,0.0,0.0,1.0,0.0,0.0,0.0,1.0,0.0,0.0,1.0,0.0
700.0,40.0,697.6898426464414,702.071794642295,702.2528716519531,0.0,0.0,0.0,0.0,0.0,1.0,0.0,0.0,0.0,0.0,1.0,1.0,0.0,0.0,1.0,0.0
750.0,40.0,690.2090043772075,702.071794642295,702.2528716519531,0.0,0.0,0.0,0.0,0.0,1.0,0.0,0.0,0.0,0.0,1.0,1.0,0.0,0.0,1.0,0.0
650.0,35.0,696.0922226905212,702.071794642295,702.2528716519531,0.0,0.0,0.0,1.0,0.0,0.0,1.0,0.0,0.0,0.0,0.0,1.0,0.0,0.0,0.0,1.0
720.0,70.0,696.0922226905212,677.8219843307708,687.6335443592284,0.0,0.0,0.0,1.0,0.0,0.0,0.0,0.0,1.0,0.0,0.0,1.0,0.0,0.0,1.0,0.0
699.0,52.0,697.6898426464414,702.071794642295,702.2528716519531,0.0,0.0,0.0,1.0,0.0,0.0,1.0,0.0,0.0,0.0,0.0,1.0,0.0,0.0,1.0,0.0
750.0,65.0,670.416612627114,677.8219843307708,702.2528716519531,0.0,0.0,0.0,1.0,0.0,0.0,0.0,1.0,0.0,0.0,0.0,1.0,0.0,0.0,1.0,0.0
695.0,65.0,670.416612627114,677.8219843307708,702.2528716519531,0.0,0.0,0.0,1.0,0.0,0.0,0.0,1.0,0.0,0.0,0.0,1.0,0.0,0.0,1.0,0.0
750.0,78.0,670.416612627114,677.8219843307708,702.2528716519531,0.0,0.0,0.0,1.0,0.0,0.0,0.0,1.0,0.0,0.0,0.0,0.0,1.0,0.0,1.0,0.0
620.0,60.0,670.416612627114,702.071794642295,687.6335443592284,0.0,0.0,0.0,1.0,0.0,0.0,0.0,1.0,0.0,0.0,0.0,1.0,0.0,0.0,1.0,0.0
500.0,28.0,701.6980775674542,702.071794642295,687.6335443592284,0.0,0.0,0.0,0.0,0.0,1.0,0.0,0.0,0.0,0.0,1.0,1.0,0.0,0.0,0.0,1.0
550.0,38.0,670.416612627114,677.8219843307708,687.6335443592284,0.0,0.0,0.0,1.0,0.0,0.0,1.0,0.0,0.0,0.0,0.0,1.0,0.0,0.0,1.0,0.0
750.0,46.0,697.6898426464414,702.071794642295,702.2528716519531,0.0,0.0,0.0,1.0,0.0,0.0,1.0,0.0,0.0,0.0,0.0,1.0,0.0,0.0,0.0,1.0
680.0,55.0,678.6640137059316,702.071794642295,687.6335443592284,0.0,0.0,0.0,0.0,0.0,1.0,0.0,0.0,0.0,0.0,1.0,1.0,0.0,0.0,1.0,0.0
700.0,50.0,670.416612627114,677.8219843307708,673.705516292519,0.0,0.0,0.0,1.0,0.0,0.0,1.0,0.0,0.0,0.0,0.0,0.0,1.0,0.0,1.0,0.0
750.0,35.0,670.416612627114,702.071794642295,673.705516292519,0.0,0.0,1.0,0.0,0.0,0.0,1.0,0.0,0.0,0.0,0.0,1.0,0.0,0.0,1.0,0.0
750.0,66.0,701.6980775674542,677.8219843307708,702.2528716519531,0.0,0.0,0.0,1.0,0.0,0.0,0.0,1.0,0.0,0.0,0.0,1.0,0.0,0.0,1.0,0.0
650.0,65.0,690.2090043772075,677.8219843307708,702.2528716519531,0.0,0.0,0.0,1.0,0.0,0.0,1.0,0.0,0.0,0.0,0.0,1.0,0.0,0.0,1.0,0.0
720.0,133.0,701.6980775674542,677.8219843307708,702.2528716519531,0.0,0.0,0.0,1.0,0.0,0.0,0.0,0.0,1.0,0.0,0.0,0.0,1.0,0.0,0.0,1.0
600.0,50.0,670.416612627114,677.8219843307708,702.2528716519531,0.0,0.0,0.0,1.0,0.0,0.0,1.0,0.0,0.0,0.0,0.0,1.0,0.0,0.0,1.0,0.0
650.0,61.0,696.0922226905212,677.8219843307708,702.2528716519531,0.0,0.0,0.0,1.0,0.0,0.0,1.0,0.0,0.0,0.0,0.0,1.0,0.0,0.0,1.0,0.0
650.0,65.0,697.6898426464414,677.8219843307708,687.6335443592284,0.0,0.0,0.0,1.0,0.0,0.0,0.0,1.0,0.0,0.0,0.0,1.0,0.0,0.0,0.0,1.0
700.0,45.0,697.6898426464414,702.071794642295,687.6335443592284,0.0,0.0,0.0,1.0,0.0,0.0,1.0,0.0,0.0,0.0,0.0,1.0,0.0,0.0,1.0,0.0
625.0,62.0,678.6640137059316,677.8219843307708,687.6335443592284,0.0,0.0,0.0,1.0,0.0,0.0,0.0,1.0,0.0,0.0,0.0,1.0,0.0,0.0,1.0,0.0
595.0,45.0,678.6640137059316,702.071794642295,687.6335443592284,0.0,0.0,0.0,1.0,0.0,0.0,1.0,0.0,0.0,0.0,0.0,1.0,0.0,0.0,1.0,0.0
650.0,55.0,710.7500724586687,702.071794642295,702.2528716519531,0.0,0.0,0.0,1.0,0.0,0.0,1.0,0.0,0.0,0.0,0.0,1.0,0.0,0.0,1.0,0.0
725.0,50.0,696.0922226905212,702.071794642295,702.2528716519531,0.0,0.0,0.0,1.0,0.0,0.0,1.0,0.0,0.0,0.0,0.0,1.0,0.0,0.0,1.0,0.0
750.0,95.0,697.9828806237634,677.8219843307708,702.2528716519531,0.0,0.0,0.0,1.0,0.0,0.0,0.0,0.0,1.0,0.0,0.0,1.0,0.0,0.0,1.0,0.0
700.0,30.0,701.6980775674542,702.071794642295,702.2528716519531,0.0,0.0,0.0,0.0,1.0,0.0,1.0,0.0,0.0,0.0,0.0,1.0,0.0,0.0,1.0,0.0
700.0,27.0,697.6898426464414,702.071794642295,687.6335443592284,0.0,0.0,0.0,1.0,0.0,0.0,1.0,0.0,0.0,0.0,0.0,1.0,0.0,0.0,0.0,1.0
650.0,59.0,701.6980775674542,677.8219843307708,702.2528716519531,0.0,0.0,0.0,1.0,0.0,0.0,0.0,1.0,0.0,0.0,0.0,1.0,0.0,0.0,1.0,0.0
550.0,40.0,697.6898426464414,702.071794642295,702.2528716519531,0.0,0.0,0.0,1.0,0.0,0.0,1.0,0.0,0.0,0.0,0.0,1.0,0.0,0.0,1.0,0.0
650.0,55.0,710.7500724586687,702.071794642295,702.2528716519531,0.0,0.0,0.0,1.0,0.0,0.0,1.0,0.0,0.0,0.0,0.0,1.0,0.0,0.0,1.0,0.0
750.0,65.0,670.416612627114,702.071794642295,702.2528716519531,0.0,0.0,0.0,1.0,0.0,0.0,0.0,1.0,0.0,0.0,0.0,1.0,0.0,0.0,1.0,0.0
725.0,70.0,670.416612627114,702.071794642295,702.2528716519531,0.0,0.0,0.0,1.0,0.0,0.0,0.0,1.0,0.0,0.0,0.0,1.0,0.0,0.0,1.0,0.0
700.0,80.0,701.6980775674542,677.8219843307708,687.6335443592284,0.0,0.0,0.0,1.0,0.0,0.0,1.0,0.0,0.0,0.0,0.0,1.0,0.0,0.0,1.0,0.0
650.0,40.0,678.6640137059316,702.071794642295,702.2528716519531,0.0,0.0,0.0,1.0,0.0,0.0,1.0,0.0,0.0,0.0,0.0,1.0,0.0,0.0,1.0,0.0
695.0,90.0,670.416612627114,702.071794642295,687.6335443592284,0.0,0.0,0.0,1.0,0.0,0.0,0.0,0.0,1.0,0.0,0.0,1.0,0.0,0.0,1.0,0.0
750.0,55.0,670.416612627114,702.071794642295,687.6335443592284,0.0,0.0,0.0,1.0,0.0,0.0,1.0,0.0,0.0,0.0,0.0,1.0,0.0,0.0,1.0,0.0
650.0,65.0,670.416612627114,702.071794642295,702.2528716519531,0.0,0.0,0.0,1.0,0.0,0.0,0.0,1.0,0.0,0.0,0.0,1.0,0.0,0.0,1.0,0.0
666.0,70.0,701.6980775674542,702.071794642295,702.2528716519531,0.0,0.0,0.0,1.0,0.0,0.0,1.0,0.0,0.0,0.0,0.0,0.0,1.0,0.0,1.0,0.0
750.0,78.0,670.416612627114,677.8219843307708,702.2528716519531,0.0,0.0,0.0,1.0,0.0,0.0,0.0,1.0,0.0,0.0,0.0,0.0,1.0,0.0,1.0,0.0
630.0,74.0,670.416612627114,677.8219843307708,702.2528716519531,0.0,0.0,0.0,1.0,0.0,0.0,0.0,0.0,1.0,0.0,0.0,1.0,0.0,0.0,1.0,0.0
635.0,55.0,696.0922226905212,677.8219843307708,702.2528716519531,0.0,0.0,0.0,0.0,0.0,1.0,0.0,0.0,0.0,0.0,1.0,1.0,0.0,0.0,1.0,0.0
725.0,69.0,701.6980775674542,677.8219843307708,702.2528716519531,0.0,0.0,0.0,1.0,0.0,0.0,0.0,1.0,0.0,0.0,0.0,1.0,0.0,0.0,1.0,0.0
750.0,35.0,701.6980775674542,702.071794642295,687.6335443592284,0.0,0.0,0.0,1.0,0.0,0.0,1.0,0.0,0.0,0.0,0.0,1.0,0.0,0.0,0.0,1.0
690.0,65.0,697.6898426464414,702.071794642295,687.6335443592284,0.0,0.0,0.0,1.0,0.0,0.0,0.0,1.0,0.0,0.0,0.0,1.0,0.0,0.0,1.0,0.0
700.0,30.0,696.0922226905212,702.071794642295,702.2528716519531,0.0,0.0,0.0,0.0,0.0,1.0,0.0,0.0,0.0,0.0,1.0,1.0,0.0,0.0,0.0,1.0
730.0,64.0,701.6980775674542,688.4800744480785,687.6335443592284,0.0,0.0,0.0,1.0,0.0,0.0,0.0,0.0,1.0,0.0,0.0,1.0,0.0,0.0,1.0,0.0
750.0,51.0,701.6980775674542,702.071794642295,702.2528716519531,0.0,0.0,0.0,1.0,0.0,0.0,1.0,0.0,0.0,0.0,0.0,1.0,0.0,0.0,1.0,0.0
750.0,48.0,710.7500724586687,701.8404877613661,702.2528716519531,0.0,0.0,0.0,1.0,0.0,0.0,1.0,0.0,0.0,0.0,0.0,1.0,0.0,0.0,0.0,1.0
690.0,35.0,670.416612627114,702.071794642295,687.6335443592284,0.0,0.0,0.0,1.0,0.0,0.0,1.0,0.0,0.0,0.0,0.0,1.0,0.0,0.0,1.0,0.0
750.0,74.0,710.7500724586687,677.8219843307708,702.2528716519531,0.0,0.0,0.0,1.0,0.0,0.0,0.0,0.0,1.0,0.0,0.0,1.0,0.0,0.0,1.0,0.0
700.0,35.0,678.6640137059316,702.071794642295,687.6335443592284,0.0,0.0,1.0,0.0,0.0,0.0,1.0,0.0,0.0,0.0,0.0,1.0,0.0,0.0,1.0,0.0
720.0,42.0,710.7500724586687,702.071794642295,702.2528716519531,0.0,0.0,0.0,1.0,0.0,0.0,1.0,0.0,0.0,0.0,0.0,1.0,0.0,0.0,1.0,0.0
595.0,55.0,701.6980775674542,677.8219843307708,687.6335443592284,0.0,0.0,0.0,1.0,0.0,0.0,1.0,0.0,0.0,0.0,0.0,1.0,0.0,0.0,1.0,0.0
700.0,45.0,701.6980775674542,702.071794642295,687.6335443592284,0.0,0.0,0.0,1.0,0.0,0.0,1.0,0.0,0.0,0.0,0.0,1.0,0.0,0.0,0.0,1.0
500.0,45.0,670.416612627114,702.071794642295,687.6335443592284,0.0,0.0,0.0,1.0,0.0,0.0,1.0,0.0,0.0,0.0,0.0,1.0,0.0,0.0,1.0,0.0
700.0,75.0,701.6980775674542,677.8219843307708,687.6335443592284,0.0,0.0,0.0,1.0,0.0,0.0,0.0,1.0,0.0,0.0,0.0,1.0,0.0,0.0,1.0,0.0
675.0,87.0,696.0922226905212,702.071794642295,687.6335443592284,0.0,0.0,1.0,0.0,0.0,0.0,0.0,1.0,0.0,0.0,0.0,0.0,1.0,0.0,1.0,0.0
650.0,45.0,678.6640137059316,677.8219843307708,687.6335443592284,0.0,0.0,0.0,1.0,0.0,0.0,1.0,0.0,0.0,0.0,0.0,1.0,0.0,0.0,1.0,0.0
750.0,55.0,696.0922226905212,702.071794642295,702.2528716519531,0.0,0.0,0.0,0.0,0.0,1.0,0.0,0.0,0.0,0.0,1.0,1.0,0.0,0.0,1.0,0.0
720.0,45.0,698.3045241054774,701.8404877613661,702.2528716519531,0.0,0.0,0.0,0.0,0.0,1.0,0.0,0.0,0.0,0.0,1.0,1.0,0.0,0.0,1.0,0.0
624.0,45.0,670.416612627114,677.8219843307708,702.2528716519531,0.0,0.0,0.0,1.0,0.0,0.0,1.0,0.0,0.0,0.0,0.0,1.0,0.0,0.0,1.0,0.0
633.0,45.0,670.416612627114,677.8219843307708,702.2528716519531,0.0,0.0,0.0,1.0,0.0,0.0,1.0,0.0,0.0,0.0,0.0,1.0,0.0,0.0,1.0,0.0
640.0,33.0,696.0922226905212,702.071794642295,702.2528716519531,0.0,0.0,0.0,0.0,0.0,1.0,0.0,0.0,0.0,0.0,1.0,1.0,0.0,0.0,1.0,0.0
645.0,84.0,696.0922226905212,677.8219843307708,702.2528716519531,0.0,0.0,0.0,1.0,0.0,0.0,0.0,1.0,0.0,0.0,0.0,0.0,1.0,0.0,1.0,0.0
750.0,46.0,697.6898426464414,702.071794642295,687.6335443592284,0.0,0.0,0.0,1.0,0.0,0.0,1.0,0.0,0.0,0.0,0.0,1.0,0.0,0.0,0.0,1.0
735.0,35.0,701.6980775674542,702.071794642295,702.2528716519531,0.0,0.0,0.0,0.0,0.0,1.0,0.0,0.0,0.0,0.0,1.0,1.0,0.0,0.0,1.0,0.0
600.0,55.0,670.416612627114,677.8219843307708,673.705516292519,0.0,0.0,0.0,1.0,0.0,0.0,1.0,0.0,0.0,0.0,0.0,1.0,0.0,0.0,1.0,0.0
750.0,75.0,670.416612627114,702.071794642295,687.6335443592284,0.0,0.0,0.0,1.0,0.0,0.0,0.0,0.0,1.0,0.0,0.0,1.0,0.0,0.0,1.0,0.0
600.0,25.0,698.3045241054774,702.071794642295,702.2528716519531,0.0,0.0,0.0,0.0,1.0,0.0,1.0,0.0,0.0,0.0,0.0,1.0,0.0,0.0,1.0,0.0
705.0,48.0,710.7500724586687,702.071794642295,702.2528716519531,0.0,0.0,0.0,1.0,0.0,0.0,1.0,0.0,0.0,0.0,0.0,1.0,0.0,0.0,1.0,0.0
650.0,62.0,697.6898426464414,702.071794642295,687.6335443592284,0.0,0.0,0.0,1.0,0.0,0.0,0.0,1.0,0.0,0.0,0.0,1.0,0.0,0.0,1.0,0.0
700.0,61.0,701.6980775674542,677.8219843307708,687.6335443592284,0.0,0.0,1.0,0.0,0.0,0.0,0.0,1.0,0.0,0.0,0.0,1.0,0.0,0.0,1.0,0.0
650.0,40.0,690.2090043772075,702.071794642295,702.2528716519531,0.0,0.0,0.0,0.0,0.0,1.0,0.0,0.0,0.0,0.0,1.0,1.0,0.0,0.0,0.0,1.0
700.0,40.0,678.6640137059316,702.071794642295,687.6335443592284,0.0,0.0,0.0,1.0,0.0,0.0,1.0,0.0,0.0,0.0,0.0,1.0,0.0,0.0,1.0,0.0
730.0,51.0,710.7500724586687,702.071794642295,687.6335443592284,0.0,0.0,0.0,1.0,0.0,0.0,0.0,1.0,0.0,0.0,0.0,1.0,0.0,0.0,1.0,0.0
750.0,50.0,697.6898426464414,702.071794642295,687.6335443592284,0.0,0.0,0.0,1.0,0.0,0.0,0.0,1.0,0.0,0.0,0.0,1.0,0.0,0.0,1.0,0.0
680.0,56.0,697.6898426464414,677.8219843307708,687.6335443592284,0.0,0.0,0.0,1.0,0.0,0.0,0.0,1.0,0.0,0.0,0.0,1.0,0.0,0.0,1.0,0.0
710.0,78.0,710.7500724586687,688.4800744480785,687.6335443592284,0.0,0.0,0.0,1.0,0.0,0.0,0.0,0.0,1.0,0.0,0.0,1.0,0.0,0.0,1.0,0.0
720.0,47.0,701.6980775674542,702.071794642295,687.6335443592284,0.0,0.0,0.0,1.0,0.0,0.0,0.0,1.0,0.0,0.0,0.0,1.0,0.0,0.0,1.0,0.0
750.0,43.0,670.416612627114,702.071794642295,702.2528716519531,0.0,0.0,0.0,0.0,0.0,1.0,0.0,0.0,0.0,0.0,1.0,1.0,0.0,0.0,1.0,0.0
695.0,40.0,670.416612627114,702.071794642295,702.2528716519531,0.0,0.0,0.0,0.0,0.0,1.0,0.0,0.0,0.0,0.0,1.0,1.0,0.0,0.0,1.0,0.0
630.0,54.0,670.416612627114,677.8219843307708,673.705516292519,0.0,0.0,0.0,1.0,0.0,0.0,1.0,0.0,0.0,0.0,0.0,0.0,1.0,0.0,1.0,0.0
750.0,90.0,670.416612627114,677.8219843307708,702.2528716519531,0.0,0.0,0.0,1.0,0.0,0.0,0.0,0.0,1.0,0.0,0.0,1.0,0.0,0.0,1.0,0.0
730.0,50.0,696.0922226905212,702.071794642295,702.2528716519531,0.0,0.0,0.0,1.0,0.0,0.0,1.0,0.0,0.0,0.0,0.0,1.0,0.0,0.0,1.0,0.0
600.0,90.0,670.416612627114,677.8219843307708,702.2528716519531,0.0,0.0,0.0,1.0,0.0,0.0,0.0,0.0,1.0,0.0,0.0,1.0,0.0,0.0,1.0,0.0
650.0,45.0,678.6640137059316,702.071794642295,702.2528716519531,0.0,0.0,0.0,0.0,0.0,1.0,0.0,0.0,0.0,0.0,1.0,1.0,0.0,0.0,1.0,0.0
750.0,38.0,678.6640137059316,702.071794642295,702.2528716519531,0.0,0.0,0.0,1.0,0.0,0.0,1.0,0.0,0.0,0.0,0.0,1.0,0.0,0.0,0.0,1.0
730.0,50.0,670.416612627114,702.071794642295,702.2528716519531,0.0,0.0,0.0,1.0,0.0,0.0,1.0,0.0,0.0,0.0,0.0,1.0,0.0,0.0,1.0,0.0
735.0,30.0,696.0922226905212,702.071794642295,702.2528716519531,0.0,0.0,0.0,0.0,0.0,1.0,0.0,0.0,0.0,0.0,1.0,1.0,0.0,0.0,1.0,0.0
610.0,72.0,678.6640137059316,677.8219843307708,702.2528716519531,0.0,0.0,0.0,1.0,0.0,0.0,1.0,0.0,0.0,0.0,0.0,1.0,0.0,0.0,0.0,1.0
580.0,54.0,670.416612627114,677.8219843307708,673.705516292519,1.0,0.0,0.0,0.0,0.0,0.0,0.0,0.0,1.0,0.0,0.0,0.0,1.0,0.0,0.0,1.0
725.0,50.0,690.2090043772075,702.071794642295,687.6335443592284,0.0,0.0,0.0,1.0,0.0,0.0,1.0,0.0,0.0,0.0,0.0,1.0,0.0,0.0,1.0,0.0
750.0,48.0,701.6980775674542,702.071794642295,687.6335443592284,0.0,0.0,0.0,1.0,0.0,0.0,1.0,0.0,0.0,0.0,0.0,1.0,0.0,0.0,1.0,0.0
750.0,70.0,696.0922226905212,677.8219843307708,687.6335443592284,0.0,0.0,0.0,1.0,0.0,0.0,0.0,0.0,1.0,0.0,0.0,1.0,0.0,0.0,1.0,0.0
750.0,49.0,700.3570402720752,702.071794642295,702.2528716519531,0.0,0.0,0.0,1.0,0.0,0.0,1.0,0.0,0.0,0.0,0.0,1.0,0.0,0.0,1.0,0.0
730.0,60.0,697.6898426464414,688.4800744480785,687.6335443592284,0.0,0.0,0.0,1.0,0.0,0.0,0.0,0.0,1.0,0.0,0.0,1.0,0.0,0.0,1.0,0.0
560.0,26.0,678.6640137059316,702.071794642295,687.6335443592284,0.0,0.0,0.0,1.0,0.0,0.0,1.0,0.0,0.0,0.0,0.0,1.0,0.0,0.0,0.0,1.0
700.0,23.0,670.416612627114,702.071794642295,673.705516292519,0.0,0.0,0.0,0.0,0.0,1.0,0.0,0.0,0.0,0.0,1.0,1.0,0.0,0.0,1.0,0.0
750.0,80.0,696.0922226905212,677.8219843307708,702.2528716519531,0.0,0.0,0.0,1.0,0.0,0.0,0.0,0.0,1.0,0.0,0.0,1.0,0.0,0.0,1.0,0.0
730.0,70.0,697.6898426464414,677.8219843307708,687.6335443592284,0.0,0.0,0.0,1.0,0.0,0.0,0.0,0.0,1.0,0.0,0.0,1.0,0.0,0.0,1.0,0.0
730.0,52.0,710.7500724586687,702.071794642295,687.6335443592284,0.0,0.0,0.0,1.0,0.0,0.0,0.0,1.0,0.0,0.0,0.0,1.0,0.0,0.0,1.0,0.0
740.0,64.0,697.6898426464414,702.071794642295,687.6335443592284,0.0,0.0,0.0,1.0,0.0,0.0,0.0,1.0,0.0,0.0,0.0,1.0,0.0,0.0,1.0,0.0
720.0,65.0,696.0922226905212,702.071794642295,687.6335443592284,0.0,0.0,0.0,1.0,0.0,0.0,0.0,1.0,0.0,0.0,0.0,1.0,0.0,0.0,1.0,0.0
720.0,63.0,696.0922226905212,677.8219843307708,687.6335443592284,0.0,0.0,0.0,1.0,0.0,0.0,0.0,1.0,0.0,0.0,0.0,1.0,0.0,0.0,1.0,0.0
740.0,54.0,701.6980775674542,702.071794642295,702.2528716519531,0.0,0.0,0.0,1.0,0.0,0.0,0.0,1.0,0.0,0.0,0.0,1.0,0.0,0.0,1.0,0.0
720.0,52.0,697.6898426464414,677.8219843307708,687.6335443592284,0.0,0.0,0.0,1.0,0.0,0.0,0.0,1.0,0.0,0.0,0.0,1.0,0.0,0.0,1.0,0.0
730.0,45.0,697.6898426464414,702.071794642295,687.6335443592284,0.0,0.0,0.0,1.0,0.0,0.0,0.0,1.0,0.0,0.0,0.0,1.0,0.0,0.0,1.0,0.0
600.0,80.0,670.416612627114,702.071794642295,673.705516292519,0.0,0.0,1.0,0.0,0.0,0.0,1.0,0.0,0.0,0.0,0.0,1.0,0.0,0.0,0.0,1.0
600.0,80.0,670.416612627114,702.071794642295,673.705516292519,0.0,0.0,1.0,0.0,0.0,0.0,1.0,0.0,0.0,0.0,0.0,1.0,0.0,0.0,0.0,1.0
725.0,71.0,701.6980775674542,677.8219843307708,687.6335443592284,0.0,0.0,1.0,0.0,0.0,0.0,0.0,1.0,0.0,0.0,0.0,1.0,0.0,0.0,1.0,0.0
675.0,76.0,696.0922226905212,688.4800744480785,687.6335443592284,0.0,0.0,0.0,1.0,0.0,0.0,0.0,0.0,1.0,0.0,0.0,1.0,0.0,0.0,1.0,0.0
750.0,54.0,697.6898426464414,701.8404877613661,702.2528716519531,0.0,0.0,0.0,1.0,0.0,0.0,1.0,0.0,0.0,0.0,0.0,1.0,0.0,0.0,1.0,0.0
750.0,79.0,701.6980775674542,677.8219843307708,687.6335443592284,0.0,0.0,1.0,0.0,0.0,0.0,0.0,1.0,0.0,0.0,0.0,0.0,1.0,0.0,1.0,0.0
700.0,54.0,696.0922226905212,702.071794642295,702.2528716519531,0.0,0.0,0.0,1.0,0.0,0.0,1.0,0.0,0.0,0.0,0.0,1.0,0.0,0.0,1.0,0.0
750.0,54.0,697.6898426464414,702.071794642295,687.6335443592284,0.0,0.0,0.0,1.0,0.0,0.0,0.0,1.0,0.0,0.0,0.0,1.0,0.0,0.0,1.0,0.0
730.0,48.0,697.6898426464414,702.071794642295,687.6335443592284,0.0,0.0,0.0,1.0,0.0,0.0,0.0,1.0,0.0,0.0,0.0,1.0,0.0,0.0,1.0,0.0
650.0,61.0,710.7500724586687,677.8219843307708,687.6335443592284,0.0,0.0,0.0,1.0,0.0,0.0,0.0,1.0,0.0,0.0,0.0,1.0,0.0,0.0,1.0,0.0
730.0,63.0,701.6980775674542,702.071794642295,687.6335443592284,0.0,0.0,0.0,1.0,0.0,0.0,0.0,1.0,0.0,0.0,0.0,1.0,0.0,0.0,1.0,0.0
720.0,50.0,696.0922226905212,702.071794642295,687.6335443592284,0.0,0.0,0.0,1.0,0.0,0.0,0.0,1.0,0.0,0.0,0.0,1.0,0.0,0.0,1.0,0.0
720.0,51.0,701.6980775674542,702.071794642295,687.6335443592284,0.0,0.0,0.0,1.0,0.0,0.0,0.0,1.0,0.0,0.0,0.0,1.0,0.0,0.0,1.0,0.0
750.0,47.0,701.6980775674542,702.071794642295,687.6335443592284,0.0,0.0,0.0,1.0,0.0,0.0,0.0,1.0,0.0,0.0,0.0,1.0,0.0,0.0,1.0,0.0
730.0,50.0,697.6898426464414,702.071794642295,687.6335443592284,0.0,0.0,0.0,1.0,0.0,0.0,0.0,1.0,0.0,0.0,0.0,1.0,0.0,0.0,1.0,0.0
730.0,40.0,696.0922226905212,702.071794642295,687.6335443592284,0.0,0.0,0.0,1.0,0.0,0.0,0.0,1.0,0.0,0.0,0.0,1.0,0.0,0.0,1.0,0.0
670.0,67.0,701.6980775674542,677.8219843307708,702.2528716519531,0.0,0.0,0.0,1.0,0.0,0.0,0.0,1.0,0.0,0.0,0.0,1.0,0.0,0.0,1.0,0.0
740.0,52.0,697.6898426464414,702.071794642295,687.6335443592284,0.0,0.0,0.0,1.0,0.0,0.0,0.0,1.0,0.0,0.0,0.0,1.0,0.0,0.0,1.0,0.0
720.0,69.0,701.6980775674542,677.8219843307708,702.2528716519531,0.0,0.0,0.0,1.0,0.0,0.0,0.0,1.0,0.0,0.0,0.0,1.0,0.0,0.0,1.0,0.0
750.0,59.0,710.7500724586687,702.071794642295,687.6335443592284,0.0,0.0,0.0,1.0,0.0,0.0,0.0,1.0,0.0,0.0,0.0,1.0,0.0,0.0,1.0,0.0
740.0,45.0,697.6898426464414,702.071794642295,687.6335443592284,0.0,0.0,0.0,1.0,0.0,0.0,0.0,1.0,0.0,0.0,0.0,1.0,0.0,0.0,1.0,0.0
740.0,60.0,701.6980775674542,702.071794642295,702.2528716519531,0.0,0.0,0.0,1.0,0.0,0.0,0.0,1.0,0.0,0.0,0.0,1.0,0.0,0.0,1.0,0.0
730.0,45.0,670.416612627114,702.071794642295,702.2528716519531,0.0,0.0,0.0,0.0,0.0,1.0,0.0,0.0,0.0,0.0,1.0,1.0,0.0,0.0,0.0,1.0
620.0,75.0,670.416612627114,688.4800744480785,702.2528716519531,0.0,0.0,0.0,1.0,0.0,0.0,0.0,0.0,1.0,0.0,0.0,1.0,0.0,0.0,1.0,0.0
695.0,67.0,670.416612627114,677.8219843307708,687.6335443592284,0.0,0.0,0.0,1.0,0.0,0.0,0.0,1.0,0.0,0.0,0.0,1.0,0.0,0.0,1.0,0.0
650.0,95.0,670.416612627114,677.8219843307708,702.2528716519531,0.0,0.0,0.0,1.0,0.0,0.0,0.0,0.0,1.0,0.0,0.0,1.0,0.0,0.0,1.0,0.0
675.0,68.0,670.416612627114,677.8219843307708,702.2528716519531,0.0,0.0,0.0,1.0,0.0,0.0,0.0,1.0,0.0,0.0,0.0,1.0,0.0,0.0,1.0,0.0
695.0,65.0,670.416612627114,702.071794642295,687.6335443592284,0.0,0.0,0.0,1.0,0.0,0.0,0.0,1.0,0.0,0.0,0.0,1.0,0.0,0.0,1.0,0.0
750.0,111.0,697.480889673296,688.4800744480785,702.2528716519531,0.0,0.0,0.0,1.0,0.0,0.0,0.0,1.0,0.0,0.0,0.0,0.0,1.0,0.0,1.0,0.0
675.0,35.0,670.416612627114,702.071794642295,673.705516292519,0.0,0.0,0.0,1.0,0.0,0.0,1.0,0.0,0.0,0.0,0.0,1.0,0.0,0.0,0.0,1.0
730.0,60.0,697.6898426464414,688.4800744480785,687.6335443592284,0.0,0.0,0.0,1.0,0.0,0.0,0.0,0.0,1.0,0.0,0.0,1.0,0.0,0.0,0.0,1.0
690.0,85.0,670.416612627114,688.4800744480785,702.2528716519531,0.0,0.0,0.0,1.0,0.0,0.0,0.0,1.0,0.0,0.0,0.0,1.0,0.0,0.0,1.0,0.0
750.0,45.0,678.6640137059316,702.071794642295,687.6335443592284,0.0,0.0,0.0,1.0,0.0,0.0,1.0,0.0,0.0,0.0,0.0,1.0,0.0,0.0,0.0,1.0
600.0,32.0,701.6980775674542,702.071794642295,702.2528716519531,0.0,0.0,0.0,0.0,0.0,1.0,0.0,0.0,0.0,0.0,1.0,1.0,0.0,0.0,1.0,0.0
723.0,25.0,670.416612627114,702.071794642295,702.2528716519531,0.0,0.0,0.0,0.0,0.0,1.0,0.0,0.0,0.0,0.0,1.0,1.0,0.0,0.0,1.0,0.0
725.0,50.0,701.6980775674542,702.071794642295,702.2528716519531,0.0,0.0,0.0,1.0,0.0,0.0,1.0,0.0,0.0,0.0,0.0,1.0,0.0,0.0,1.0,0.0
750.0,67.0,670.416612627114,677.8219843307708,673.705516292519,0.0,0.0,0.0,1.0,0.0,0.0,0.0,0.0,1.0,0.0,0.0,1.0,0.0,0.0,1.0,0.0
600.0,45.0,670.416612627114,677.8219843307708,673.705516292519,0.0,0.0,0.0,1.0,0.0,0.0,0.0,1.0,0.0,0.0,0.0,1.0,0.0,0.0,1.0,0.0
750.0,70.0,696.0922226905212,677.8219843307708,687.6335443592284,0.0,0.0,0.0,1.0,0.0,0.0,0.0,0.0,1.0,0.0,0.0,1.0,0.0,0.0,1.0,0.0
450.0,60.0,670.416612627114,677.8219843307708,687.6335443592284,0.0,0.0,0.0,0.0,1.0,0.0,1.0,0.0,0.0,0.0,0.0,1.0,0.0,0.0,1.0,0.0
720.0,54.0,678.6640137059316,702.071794642295,687.6335443592284,0.0,0.0,0.0,1.0,0.0,0.0,1.0,0.0,0.0,0.0,0.0,1.0,0.0,0.0,1.0,0.0
550.0,75.0,670.416612627114,677.8219843307708,687.6335443592284,0.0,0.0,0.0,0.0,1.0,0.0,0.0,1.0,0.0,0.0,0.0,0.0,1.0,0.0,1.0,0.0
720.0,49.0,697.6898426464414,702.071794642295,687.6335443592284,0.0,0.0,0.0,1.0,0.0,0.0,0.0,0.0,1.0,0.0,0.0,1.0,0.0,0.0,0.0,1.0
740.0,65.0,701.6980775674542,702.071794642295,702.2528716519531,0.0,0.0,0.0,1.0,0.0,0.0,0.0,0.0,1.0,0.0,0.0,1.0,0.0,0.0,1.0,0.0
660.0,155.0,670.416612627114,677.8219843307708,673.705516292519,0.0,0.0,0.0,1.0,0.0,0.0,0.0,0.0,1.0,0.0,0.0,0.0,1.0,0.0,0.0,1.0
720.0,56.0,710.7500724586687,702.071794642295,687.6335443592284,0.0,0.0,0.0,1.0,0.0,0.0,0.0,1.0,0.0,0.0,0.0,1.0,0.0,0.0,0.0,1.0
650.0,31.0,697.6898426464414,702.071794642295,687.6335443592284,0.0,0.0,0.0,1.0,0.0,0.0,1.0,0.0,0.0,0.0,0.0,1.0,0.0,0.0,0.0,1.0
650.0,96.0,697.6898426464414,677.8219843307708,687.6335443592284,0.0,0.0,0.0,1.0,0.0,0.0,0.0,1.0,0.0,0.0,0.0,1.0,0.0,0.0,1.0,0.0
660.0,168.0,697.6898426464414,677.8219843307708,702.2528716519531,0.0,0.0,0.0,1.0,0.0,0.0,0.0,0.0,0.0,1.0,0.0,0.0,1.0,0.0,0.0,1.0
690.0,64.0,678.6640137059316,677.8219843307708,687.6335443592284,0.0,0.0,0.0,1.0,0.0,0.0,0.0,1.0,0.0,0.0,0.0,1.0,0.0,0.0,1.0,0.0
750.0,25.0,698.3045241054774,702.071794642295,702.2528716519531,0.0,0.0,0.0,0.0,0.0,1.0,0.0,0.0,0.0,0.0,1.0,1.0,0.0,0.0,1.0,0.0
725.0,45.0,696.0922226905212,702.071794642295,702.2528716519531,0.0,0.0,0.0,1.0,0.0,0.0,1.0,0.0,0.0,0.0,0.0,1.0,0.0,0.0,1.0,0.0
620.0,85.0,678.6640137059316,677.8219843307708,702.2528716519531,0.0,0.0,0.0,1.0,0.0,0.0,1.0,0.0,0.0,0.0,0.0,1.0,0.0,0.0,0.0,1.0
590.0,52.0,678.6640137059316,677.8219843307708,687.6335443592284,0.0,0.0,0.0,1.0,0.0,0.0,1.0,0.0,0.0,0.0,0.0,1.0,0.0,0.0,1.0,0.0
750.0,80.0,701.6980775674542,701.8404877613661,702.2528716519531,0.0,0.0,0.0,0.0,1.0,0.0,0.0,0.0,0.0,0.0,1.0,1.0,0.0,0.0,1.0,0.0
720.0,36.0,696.0922226905212,702.071794642295,702.2528716519531,0.0,0.0,0.0,0.0,0.0,1.0,0.0,0.0,0.0,0.0,1.0,1.0,0.0,0.0,1.0,0.0
700.0,82.0,697.6898426464414,702.071794642295,687.6335443592284,0.0,0.0,0.0,1.0,0.0,0.0,0.0,1.0,0.0,0.0,0.0,1.0,0.0,0.0,1.0,0.0
692.0,83.0,670.416612627114,677.8219843307708,702.2528716519531,0.0,0.0,0.0,1.0,0.0,0.0,0.0,1.0,0.0,0.0,0.0,0.0,1.0,0.0,1.0,0.0
670.0,79.0,670.416612627114,677.8219843307708,702.2528716519531,0.0,0.0,0.0,1.0,0.0,0.0,0.0,1.0,0.0,0.0,0.0,0.0,1.0,0.0,1.0,0.0
609.0,56.0,678.6640137059316,677.8219843307708,702.2528716519531,0.0,0.0,0.0,1.0,0.0,0.0,1.0,0.0,0.0,0.0,0.0,1.0,0.0,0.0,1.0,0.0
718.0,86.0,670.416612627114,677.8219843307708,702.2528716519531,0.0,0.0,0.0,1.0,0.0,0.0,0.0,1.0,0.0,0.0,0.0,0.0,1.0,0.0,1.0,0.0
694.0,81.0,670.416612627114,677.8219843307708,702.2528716519531,0.0,0.0,0.0,1.0,0.0,0.0,0.0,1.0,0.0,0.0,0.0,0.0,1.0,0.0,1.0,0.0
658.0,78.0,670.416612627114,677.8219843307708,702.2528716519531,0.0,0.0,0.0,1.0,0.0,0.0,0.0,1.0,0.0,0.0,0.0,0.0,1.0,0.0,1.0,0.0
750.0,36.0,696.0922226905212,702.071794642295,702.2528716519531,0.0,0.0,0.0,1.0,0.0,0.0,0.0,1.0,0.0,0.0,0.0,1.0,0.0,0.0,0.0,1.0
723.0,88.0,670.416612627114,677.8219843307708,702.2528716519531,0.0,0.0,0.0,1.0,0.0,0.0,0.0,1.0,0.0,0.0,0.0,0.0,1.0,0.0,1.0,0.0
728.0,91.0,670.416612627114,677.8219843307708,702.2528716519531,0.0,0.0,0.0,1.0,0.0,0.0,0.0,1.0,0.0,0.0,0.0,0.0,1.0,0.0,1.0,0.0
650.0,28.0,678.6640137059316,702.071794642295,687.6335443592284,0.0,0.0,0.0,0.0,0.0,1.0,0.0,0.0,0.0,0.0,1.0,1.0,0.0,0.0,1.0,0.0
750.0,60.0,701.6980775674542,677.8219843307708,687.6335443592284,0.0,0.0,0.0,1.0,0.0,0.0,0.0,1.0,0.0,0.0,0.0,1.0,0.0,0.0,0.0,1.0
735.0,60.0,710.7500724586687,688.4800744480785,687.6335443592284,0.0,0.0,0.0,1.0,0.0,0.0,0.0,0.0,1.0,0.0,0.0,1.0,0.0,0.0,1.0,0.0
699.0,78.0,696.0922226905212,702.071794642295,687.6335443592284,0.0,0.0,0.0,0.0,1.0,0.0,0.0,1.0,0.0,0.0,0.0,1.0,0.0,0.0,1.0,0.0
725.0,67.0,710.7500724586687,677.8219843307708,687.6335443592284,0.0,0.0,0.0,1.0,0.0,0.0,0.0,0.0,1.0,0.0,0.0,1.0,0.0,0.0,1.0,0.0
740.0,77.0,678.6640137059316,677.8219843307708,702.2528716519531,0.0,0.0,0.0,1.0,0.0,0.0,0.0,0.0,1.0,0.0,0.0,0.0,1.0,0.0,1.0,0.0
720.0,73.0,696.0922226905212,677.8219843307708,702.2528716519531,0.0,0.0,0.0,1.0,0.0,0.0,1.0,0.0,0.0,0.0,0.0,1.0,0.0,0.0,1.0,0.0
750.0,79.0,690.2090043772075,677.8219843307708,702.2528716519531,0.0,0.0,0.0,1.0,0.0,0.0,0.0,0.0,1.0,0.0,0.0,1.0,0.0,0.0,1.0,0.0
710.0,66.0,710.7500724586687,688.4800744480785,687.6335443592284,0.0,0.0,0.0,1.0,0.0,0.0,0.0,0.0,1.0,0.0,0.0,1.0,0.0,0.0,1.0,0.0
725.0,62.0,697.6898426464414,702.071794642295,687.6335443592284,0.0,0.0,0.0,1.0,0.0,0.0,0.0,1.0,0.0,0.0,0.0,1.0,0.0,0.0,1.0,0.0
750.0,46.0,678.6640137059316,702.071794642295,687.6335443592284,0.0,0.0,0.0,1.0,0.0,0.0,1.0,0.0,0.0,0.0,0.0,1.0,0.0,0.0,0.0,1.0
750.0,61.0,701.6980775674542,702.071794642295,702.2528716519531,0.0,0.0,0.0,1.0,0.0,0.0,0.0,1.0,0.0,0.0,0.0,1.0,0.0,0.0,1.0,0.0
730.0,161.0,697.6898426464414,677.8219843307708,687.6335443592284,0.0,0.0,0.0,1.0,0.0,0.0,0.0,0.0,0.0,1.0,0.0,1.0,0.0,0.0,1.0,0.0
720.0,110.0,670.416612627114,688.4800744480785,702.2528716519531,0.0,0.0,0.0,1.0,0.0,0.0,0.0,1.0,0.0,0.0,0.0,1.0,0.0,0.0,0.0,1.0
720.0,48.0,678.6640137059316,702.071794642295,687.6335443592284,0.0,0.0,0.0,1.0,0.0,0.0,0.0,1.0,0.0,0.0,0.0,1.0,0.0,0.0,0.0,1.0
700.0,57.0,710.7500724586687,702.071794642295,687.6335443592284,0.0,0.0,0.0,1.0,0.0,0.0,0.0,1.0,0.0,0.0,0.0,1.0,0.0,0.0,0.0,1.0
750.0,75.0,701.6980775674542,677.8219843307708,687.6335443592284,0.0,0.0,1.0,0.0,0.0,0.0,0.0,1.0,0.0,0.0,0.0,0.0,1.0,0.0,1.0,0.0
610.0,26.0,697.6898426464414,702.071794642295,702.2528716519531,0.0,0.0,0.0,0.0,0.0,1.0,0.0,0.0,0.0,0.0,1.0,1.0,0.0,0.0,0.0,1.0
740.0,52.0,710.7500724586687,677.8219843307708,687.6335443592284,0.0,0.0,0.0,1.0,0.0,0.0,0.0,1.0,0.0,0.0,0.0,1.0,0.0,0.0,0.0,1.0
715.0,62.0,678.6640137059316,702.071794642295,702.2528716519531,0.0,0.0,0.0,1.0,0.0,0.0,0.0,1.0,0.0,0.0,0.0,1.0,0.0,0.0,1.0,0.0
550.0,57.0,678.6640137059316,677.8219843307708,687.6335443592284,0.0,0.0,0.0,1.0,0.0,0.0,0.0,1.0,0.0,0.0,0.0,1.0,0.0,0.0,0.0,1.0
710.0,36.0,678.6640137059316,702.071794642295,687.6335443592284,0.0,0.0,0.0,1.0,0.0,0.0,1.0,0.0,0.0,0.0,0.0,1.0,0.0,0.0,1.0,0.0
730.0,51.0,696.0922226905212,702.071794642295,687.6335443592284,0.0,0.0,0.0,1.0,0.0,0.0,0.0,1.0,0.0,0.0,0.0,1.0,0.0,0.0,1.0,0.0
750.0,23.0,697.9828806237634,702.071794642295,702.2528716519531,0.0,0.0,0.0,0.0,0.0,1.0,0.0,0.0,0.0,0.0,1.0,1.0,0.0,0.0,1.0,0.0
690.0,33.0,697.6898426464414,702.071794642295,702.2528716519531,0.0,0.0,0.0,1.0,0.0,0.0,1.0,0.0,0.0,0.0,0.0,1.0,0.0,0.0,0.0,1.0
740.0,73.0,710.7500724586687,688.4800744480785,702.2528716519531,0.0,0.0,0.0,1.0,0.0,0.0,0.0,0.0,1.0,0.0,0.0,1.0,0.0,0.0,1.0,0.0
750.0,66.0,678.6640137059316,702.071794642295,702.2528716519531,0.0,0.0,1.0,0.0,0.0,0.0,1.0,0.0,0.0,0.0,0.0,1.0,0.0,0.0,1.0,0.0
720.0,44.0,696.0922226905212,702.071794642295,687.6335443592284,0.0,0.0,0.0,1.0,0.0,0.0,0.0,0.0,1.0,0.0,0.0,1.0,0.0,0.0,0.0,1.0
475.0,79.0,696.0922226905212,677.8219843307708,702.2528716519531,0.0,0.0,0.0,1.0,0.0,0.0,0.0,1.0,0.0,0.0,0.0,0.0,1.0,0.0,1.0,0.0
740.0,41.0,696.0922226905212,702.071794642295,687.6335443592284,0.0,0.0,0.0,1.0,0.0,0.0,0.0,1.0,0.0,0.0,0.0,1.0,0.0,0.0,1.0,0.0
740.0,57.0,701.6980775674542,702.071794642295,702.2528716519531,0.0,0.0,0.0,1.0,0.0,0.0,1.0,0.0,0.0,0.0,0.0,1.0,0.0,0.0,1.0,0.0
740.0,62.0,701.6980775674542,702.071794642295,702.2528716519531,0.0,0.0,0.0,1.0,0.0,0.0,0.0,1.0,0.0,0.0,0.0,1.0,0.0,0.0,1.0,0.0
700.0,74.0,710.7500724586687,677.8219843307708,687.6335443592284,0.0,0.0,0.0,1.0,0.0,0.0,0.0,1.0,0.0,0.0,0.0,1.0,0.0,0.0,0.0,1.0
730.0,35.0,696.0922226905212,702.071794642295,702.2528716519531,0.0,0.0,0.0,1.0,0.0,0.0,1.0,0.0,0.0,0.0,0.0,1.0,0.0,0.0,0.0,1.0
700.0,28.0,697.6898426464414,702.071794642295,702.2528716519531,0.0,0.0,0.0,0.0,0.0,1.0,0.0,0.0,0.0,0.0,1.0,1.0,0.0,0.0,1.0,0.0
600.0,180.0,670.416612627114,677.8219843307708,673.705516292519,1.0,0.0,0.0,0.0,0.0,0.0,0.0,0.0,1.0,0.0,0.0,0.0,1.0,0.0,0.0,1.0
750.0,109.0,697.6898426464414,677.8219843307708,702.2528716519531,0.0,0.0,0.0,1.0,0.0,0.0,0.0,1.0,0.0,0.0,0.0,0.0,1.0,0.0,1.0,0.0
749.0,38.0,696.0922226905212,702.071794642295,702.2528716519531,0.0,0.0,0.0,1.0,0.0,0.0,1.0,0.0,0.0,0.0,0.0,1.0,0.0,0.0,1.0,0.0
700.0,30.0,678.6640137059316,702.071794642295,702.2528716519531,0.0,0.0,0.0,0.0,0.0,1.0,0.0,0.0,0.0,0.0,1.0,1.0,0.0,0.0,0.0,1.0
667.0,70.0,697.9828806237634,688.4800744480785,702.2528716519531,0.0,0.0,0.0,1.0,0.0,0.0,1.0,0.0,0.0,0.0,0.0,1.0,0.0,0.0,1.0,0.0
725.0,45.0,701.6980775674542,702.071794642295,702.2528716519531,0.0,0.0,0.0,1.0,0.0,0.0,1.0,0.0,0.0,0.0,0.0,1.0,0.0,0.0,0.0,1.0
550.0,70.0,697.6898426464414,677.8219843307708,687.6335443592284,0.0,0.0,0.0,0.0,1.0,0.0,0.0,0.0,1.0,0.0,0.0,1.0,0.0,0.0,1.0,0.0
695.0,55.0,710.7500724586687,688.4800744480785,687.6335443592284,0.0,0.0,0.0,1.0,0.0,0.0,0.0,0.0,1.0,0.0,0.0,1.0,0.0,0.0,1.0,0.0
750.0,105.0,701.6980775674542,677.8219843307708,687.6335443592284,0.0,0.0,0.0,1.0,0.0,0.0,0.0,0.0,1.0,0.0,0.0,1.0,0.0,0.0,1.0,0.0
699.0,52.0,697.6898426464414,702.071794642295,702.2528716519531,0.0,0.0,0.0,1.0,0.0,0.0,1.0,0.0,0.0,0.0,0.0,1.0,0.0,0.0,1.0,0.0
750.0,32.0,700.3570402720752,702.071794642295,702.2528716519531,0.0,0.0,0.0,0.0,0.0,1.0,0.0,0.0,0.0,0.0,1.0,1.0,0.0,0.0,1.0,0.0
730.0,80.0,710.7500724586687,677.8219843307708,687.6335443592284,0.0,0.0,0.0,1.0,0.0,0.0,0.0,0.0,1.0,0.0,0.0,1.0,0.0,0.0,1.0,0.0
710.0,30.0,678.6640137059316,702.071794642295,687.6335443592284,0.0,0.0,0.0,1.0,0.0,0.0,1.0,0.0,0.0,0.0,0.0,1.0,0.0,0.0,1.0,0.0
650.0,58.0,710.7500724586687,702.071794642295,702.2528716519531,0.0,0.0,0.0,1.0,0.0,0.0,1.0,0.0,0.0,0.0,0.0,1.0,0.0,0.0,1.0,0.0
600.0,60.0,670.416612627114,701.8404877613661,673.705516292519,0.0,1.0,0.0,0.0,0.0,0.0,0.0,1.0,0.0,0.0,0.0,0.0,1.0,0.0,0.0,1.0
740.0,41.0,697.6898426464414,702.071794642295,687.6335443592284,0.0,0.0,0.0,1.0,0.0,0.0,0.0,1.0,0.0,0.0,0.0,1.0,0.0,0.0,1.0,0.0
525.0,40.0,697.6898426464414,677.8219843307708,702.2528716519531,0.0,0.0,0.0,1.0,0.0,0.0,1.0,0.0,0.0,0.0,0.0,1.0,0.0,0.0,1.0,0.0
750.0,35.0,710.7500724586687,702.071794642295,687.6335443592284,0.0,0.0,0.0,0.0,0.0,1.0,0.0,0.0,0.0,0.0,1.0,1.0,0.0,0.0,1.0,0.0
750.0,74.0,696.0922226905212,677.8219843307708,702.2528716519531,0.0,0.0,0.0,1.0,0.0,0.0,0.0,0.0,1.0,0.0,0.0,1.0,0.0,0.0,1.0,0.0
710.0,69.0,698.3045241054774,677.8219843307708,702.2528716519531,0.0,0.0,0.0,1.0,0.0,0.0,0.0,0.0,1.0,0.0,0.0,1.0,0.0,0.0,1.0,0.0
560.0,46.0,678.6640137059316,702.071794642295,687.6335443592284,0.0,0.0,0.0,0.0,0.0,1.0,0.0,0.0,0.0,0.0,1.0,1.0,0.0,0.0,1.0,0.0
600.0,42.0,678.6640137059316,677.8219843307708,687.6335443592284,0.0,0.0,0.0,1.0,0.0,0.0,1.0,0.0,0.0,0.0,0.0,1.0,0.0,0.0,1.0,0.0
720.0,44.0,698.899400322301,702.071794642295,687.6335443592284,0.0,0.0,0.0,1.0,0.0,0.0,1.0,0.0,0.0,0.0,0.0,1.0,0.0,0.0,1.0,0.0
750.0,60.0,670.416612627114,702.071794642295,687.6335443592284,0.0,0.0,0.0,1.0,0.0,0.0,0.0,1.0,0.0,0.0,0.0,1.0,0.0,0.0,1.0,0.0
750.0,42.0,710.7500724586687,702.071794642295,702.2528716519531,0.0,0.0,0.0,1.0,0.0,0.0,1.0,0.0,0.0,0.0,0.0,1.0,0.0,0.0,0.0,1.0
750.0,90.0,710.7500724586687,702.071794642295,702.2528716519531,0.0,0.0,0.0,0.0,0.0,1.0,0.0,0.0,0.0,0.0,1.0,1.0,0.0,0.0,1.0,0.0
650.0,45.0,678.6640137059316,702.071794642295,702.2528716519531,0.0,0.0,0.0,0.0,0.0,1.0,0.0,0.0,0.0,0.0,1.0,1.0,0.0,0.0,0.0,1.0
650.0,59.0,696.0922226905212,688.4800744480785,702.2528716519531,0.0,0.0,0.0,1.0,0.0,0.0,1.0,0.0,0.0,0.0,0.0,1.0,0.0,0.0,1.0,0.0
670.0,75.0,697.6898426464414,677.8219843307708,702.2528716519531,0.0,0.0,0.0,1.0,0.0,0.0,0.0,1.0,0.0,0.0,0.0,1.0,0.0,0.0,1.0,0.0
650.0,45.0,696.0922226905212,677.8219843307708,702.2528716519531,0.0,0.0,0.0,1.0,0.0,0.0,1.0,0.0,0.0,0.0,0.0,1.0,0.0,0.0,1.0,0.0
750.0,32.0,696.0922226905212,702.071794642295,702.2528716519531,0.0,0.0,0.0,1.0,0.0,0.0,1.0,0.0,0.0,0.0,0.0,1.0,0.0,0.0,1.0,0.0
725.0,50.0,670.416612627114,702.071794642295,673.705516292519,0.0,0.0,0.0,1.0,0.0,0.0,1.0,0.0,0.0,0.0,0.0,1.0,0.0,0.0,1.0,0.0
620.0,20.0,701.6980775674542,702.071794642295,702.2528716519531,0.0,0.0,0.0,0.0,0.0,1.0,0.0,0.0,0.0,0.0,1.0,1.0,0.0,0.0,0.0,1.0
680.0,35.0,678.6640137059316,702.071794642295,687.6335443592284,0.0,0.0,0.0,1.0,0.0,0.0,1.0,0.0,0.0,0.0,0.0,1.0,0.0,0.0,1.0,0.0
750.0,87.0,678.6640137059316,677.8219843307708,702.2528716519531,0.0,0.0,0.0,1.0,0.0,0.0,0.0,0.0,1.0,0.0,0.0,1.0,0.0,0.0,1.0,0.0
670.0,53.0,701.6980775674542,677.8219843307708,702.2528716519531,0.0,0.0,0.0,1.0,0.0,0.0,1.0,0.0,0.0,0.0,0.0,1.0,0.0,0.0,1.0,0.0
600.0,75.0,670.416612627114,677.8219843307708,673.705516292519,0.0,0.0,0.0,1.0,0.0,0.0,0.0,0.0,1.0,0.0,0.0,1.0,0.0,0.0,1.0,0.0
750.0,70.0,710.7500724586687,677.8219843307708,687.6335443592284,0.0,0.0,0.0,1.0,0.0,0.0,0.0,1.0,0.0,0.0,0.0,1.0,0.0,0.0,1.0,0.0
700.0,36.0,697.6898426464414,701.8404877613661,687.6335443592284,0.0,0.0,0.0,1.0,0.0,0.0,0.0,1.0,0.0,0.0,0.0,1.0,0.0,0.0,1.0,0.0
695.0,58.0,701.6980775674542,702.071794642295,702.2528716519531,0.0,0.0,0.0,1.0,0.0,0.0,1.0,0.0,0.0,0.0,0.0,1.0,0.0,0.0,0.0,1.0
710.0,66.0,696.0922226905212,677.8219843307708,702.2528716519531,0.0,0.0,0.0,1.0,0.0,0.0,1.0,0.0,0.0,0.0,0.0,1.0,0.0,0.0,1.0,0.0
620.0,80.0,696.0922226905212,677.8219843307708,687.6335443592284,0.0,0.0,0.0,1.0,0.0,0.0,0.0,1.0,0.0,0.0,0.0,1.0,0.0,0.0,1.0,0.0
700.0,80.0,701.6980775674542,677.8219843307708,687.6335443592284,0.0,0.0,0.0,1.0,0.0,0.0,0.0,0.0,1.0,0.0,0.0,1.0,0.0,0.0,1.0,0.0
715.0,89.0,678.6640137059316,677.8219843307708,687.6335443592284,0.0,0.0,0.0,1.0,0.0,0.0,0.0,0.0,1.0,0.0,0.0,1.0,0.0,0.0,1.0,0.0
750.0,50.0,701.6980775674542,702.071794642295,702.2528716519531,0.0,0.0,0.0,1.0,0.0,0.0,1.0,0.0,0.0,0.0,0.0,1.0,0.0,0.0,1.0,0.0
750.0,45.0,696.0922226905212,702.071794642295,702.2528716519531,0.0,0.0,0.0,1.0,0.0,0.0,1.0,0.0,0.0,0.0,0.0,1.0,0.0,0.0,1.0,0.0
550.0,25.0,678.6640137059316,702.071794642295,687.6335443592284,0.0,0.0,0.0,0.0,0.0,1.0,0.0,0.0,0.0,0.0,1.0,1.0,0.0,0.0,0.0,1.0
730.0,60.0,670.416612627114,702.071794642295,687.6335443592284,0.0,0.0,0.0,1.0,0.0,0.0,1.0,0.0,0.0,0.0,0.0,1.0,0.0,0.0,1.0,0.0
750.0,46.0,710.7500724586687,702.071794642295,702.2528716519531,0.0,0.0,0.0,0.0,1.0,0.0,0.0,1.0,0.0,0.0,0.0,1.0,0.0,0.0,1.0,0.0
700.0,45.0,678.6640137059316,677.8219843307708,687.6335443592284,0.0,0.0,0.0,1.0,0.0,0.0,1.0,0.0,0.0,0.0,0.0,1.0,0.0,0.0,1.0,0.0
680.0,85.0,678.6640137059316,677.8219843307708,702.2528716519531,0.0,0.0,0.0,1.0,0.0,0.0,0.0,1.0,0.0,0.0,0.0,1.0,0.0,0.0,1.0,0.0
600.0,28.0,710.7500724586687,702.071794642295,687.6335443592284,0.0,0.0,0.0,1.0,0.0,0.0,1.0,0.0,0.0,0.0,0.0,1.0,0.0,0.0,0.0,1.0
750.0,80.0,701.6980775674542,702.071794642295,687.6335443592284,0.0,0.0,0.0,1.0,0.0,0.0,0.0,1.0,0.0,0.0,0.0,1.0,0.0,0.0,1.0,0.0
700.0,62.0,696.0922226905212,677.8219843307708,702.2528716519531,0.0,0.0,0.0,1.0,0.0,0.0,1.0,0.0,0.0,0.0,0.0,1.0,0.0,0.0,1.0,0.0
690.0,77.0,678.6640137059316,702.071794642295,702.2528716519531,0.0,0.0,0.0,1.0,0.0,0.0,0.0,1.0,0.0,0.0,0.0,1.0,0.0,0.0,1.0,0.0
700.0,50.0,678.6640137059316,702.071794642295,687.6335443592284,0.0,0.0,0.0,1.0,0.0,0.0,1.0,0.0,0.0,0.0,0.0,1.0,0.0,0.0,1.0,0.0
750.0,87.0,698.3045241054774,677.8219843307708,702.2528716519531,0.0,0.0,0.0,1.0,0.0,0.0,0.0,1.0,0.0,0.0,0.0,1.0,0.0,0.0,1.0,0.0
735.0,51.0,710.7500724586687,677.8219843307708,702.2528716519531,0.0,0.0,0.0,1.0,0.0,0.0,1.0,0.0,0.0,0.0,0.0,1.0,0.0,0.0,1.0,0.0
700.0,80.0,698.3045241054774,677.8219843307708,702.2528716519531,0.0,0.0,0.0,1.0,0.0,0.0,0.0,0.0,1.0,0.0,0.0,1.0,0.0,0.0,1.0,0.0
725.0,75.0,670.416612627114,677.8219843307708,687.6335443592284,0.0,0.0,0.0,1.0,0.0,0.0,0.0,0.0,1.0,0.0,0.0,1.0,0.0,0.0,1.0,0.0
733.0,68.4,696.0922226905212,677.8219843307708,702.2528716519531,0.0,0.0,0.0,1.0,0.0,0.0,0.0,1.0,0.0,0.0,0.0,1.0,0.0,0.0,1.0,0.0
750.0,36.0,678.6640137059316,702.071794642295,702.2528716519531,0.0,0.0,0.0,1.0,0.0,0.0,1.0,0.0,0.0,0.0,0.0,1.0,0.0,0.0,1.0,0.0
675.0,69.0,678.6640137059316,702.071794642295,687.6335443592284,0.0,0.0,0.0,1.0,0.0,0.0,0.0,1.0,0.0,0.0,0.0,1.0,0.0,0.0,1.0,0.0
650.0,85.0,696.0922226905212,702.071794642295,687.6335443592284,0.0,0.0,0.0,1.0,0.0,0.0,0.0,1.0,0.0,0.0,0.0,1.0,0.0,0.0,1.0,0.0
730.0,52.0,678.6640137059316,702.071794642295,702.2528716519531,0.0,0.0,0.0,1.0,0.0,0.0,1.0,0.0,0.0,0.0,0.0,1.0,0.0,0.0,1.0,0.0
700.0,97.0,678.6640137059316,677.8219843307708,702.2528716519531,0.0,0.0,0.0,1.0,0.0,0.0,1.0,0.0,0.0,0.0,0.0,1.0,0.0,0.0,1.0,0.0
690.0,38.0,696.0922226905212,702.071794642295,702.2528716519531,0.0,0.0,0.0,0.0,0.0,1.0,0.0,0.0,0.0,0.0,1.0,1.0,0.0,0.0,0.0,1.0
700.0,70.0,701.6980775674542,702.071794642295,687.6335443592284,0.0,0.0,0.0,1.0,0.0,0.0,0.0,1.0,0.0,0.0,0.0,1.0,0.0,0.0,1.0,0.0
600.0,89.0,696.0922226905212,702.071794642295,687.6335443592284,0.0,0.0,1.0,0.0,0.0,0.0,0.0,1.0,0.0,0.0,0.0,0.0,1.0,0.0,1.0,0.0
700.0,25.0,678.6640137059316,702.071794642295,687.6335443592284,0.0,0.0,0.0,0.0,0.0,1.0,0.0,0.0,0.0,0.0,1.0,1.0,0.0,0.0,0.0,1.0
690.0,60.0,678.6640137059316,677.8219843307708,687.6335443592284,0.0,0.0,0.0,1.0,0.0,0.0,0.0,1.0,0.0,0.0,0.0,1.0,0.0,0.0,1.0,0.0
750.0,114.0,701.6980775674542,677.8219843307708,687.6335443592284,0.0,0.0,1.0,0.0,0.0,0.0,0.0,0.0,1.0,0.0,0.0,0.0,0.0,1.0,1.0,0.0
700.0,51.0,678.6640137059316,702.071794642295,687.6335443592284,0.0,0.0,0.0,0.0,0.0,1.0,0.0,0.0,0.0,0.0,1.0,1.0,0.0,0.0,1.0,0.0
670.0,61.0,678.6640137059316,677.8219843307708,702.2528716519531,0.0,0.0,0.0,1.0,0.0,0.0,1.0,0.0,0.0,0.0,0.0,1.0,0.0,0.0,1.0,0.0
750.0,80.0,710.7500724586687,677.8219843307708,702.2528716519531,0.0,0.0,0.0,1.0,0.0,0.0,0.0,1.0,0.0,0.0,0.0,1.0,0.0,0.0,1.0,0.0
740.0,33.0,678.6640137059316,702.071794642295,702.2528716519531,0.0,0.0,0.0,0.0,0.0,1.0,0.0,0.0,0.0,0.0,1.0,1.0,0.0,0.0,1.0,0.0
750.0,110.0,701.6980775674542,702.071794642295,687.6335443592284,0.0,0.0,0.0,1.0,0.0,0.0,0.0,0.0,0.0,1.0,0.0,0.0,1.0,0.0,1.0,0.0
750.0,62.0,697.6898426464414,702.071794642295,687.6335443592284,0.0,0.0,0.0,1.0,0.0,0.0,0.0,1.0,0.0,0.0,0.0,1.0,0.0,0.0,1.0,0.0
750.0,70.0,678.6640137059316,701.8404877613661,702.2528716519531,0.0,0.0,0.0,0.0,0.0,1.0,0.0,0.0,0.0,0.0,1.0,1.0,0.0,0.0,1.0,0.0
650.0,28.0,678.6640137059316,702.071794642295,687.6335443592284,0.0,0.0,0.0,0.0,0.0,1.0,0.0,0.0,0.0,0.0,1.0,1.0,0.0,0.0,1.0,0.0
625.0,51.0,696.0922226905212,677.8219843307708,702.2528716519531,0.0,0.0,0.0,1.0,0.0,0.0,1.0,0.0,0.0,0.0,0.0,1.0,0.0,0.0,1.0,0.0
700.0,35.0,678.6640137059316,702.071794642295,702.2528716519531,0.0,0.0,0.0,1.0,0.0,0.0,1.0,0.0,0.0,0.0,0.0,1.0,0.0,0.0,1.0,0.0
750.0,95.0,701.6980775674542,702.071794642295,687.6335443592284,0.0,0.0,0.0,1.0,0.0,0.0,0.0,1.0,0.0,0.0,0.0,0.0,1.0,0.0,1.0,0.0
600.0,25.0,678.6640137059316,702.071794642295,687.6335443592284,0.0,0.0,0.0,0.0,0.0,1.0,0.0,0.0,0.0,0.0,1.0,1.0,0.0,0.0,0.0,1.0
750.0,89.0,696.0922226905212,677.8219843307708,702.2528716519531,0.0,0.0,0.0,1.0,0.0,0.0,0.0,1.0,0.0,0.0,0.0,0.0,1.0,0.0,1.0,0.0
700.0,55.0,701.6980775674542,702.071794642295,702.2528716519531,0.0,0.0,0.0,1.0,0.0,0.0,1.0,0.0,0.0,0.0,0.0,1.0,0.0,0.0,1.0,0.0
750.0,90.0,696.0922226905212,677.8219843307708,702.2528716519531,0.0,0.0,0.0,1.0,0.0,0.0,0.0,0.0,1.0,0.0,0.0,0.0,1.0,0.0,1.0,0.0
750.0,48.0,696.0922226905212,702.071794642295,702.2528716519531,0.0,0.0,0.0,1.0,0.0,0.0,0.0,1.0,0.0,0.0,0.0,1.0,0.0,0.0,1.0,0.0
625.0,57.0,678.6640137059316,677.8219843307708,687.6335443592284,0.0,0.0,0.0,1.0,0.0,0.0,0.0,1.0,0.0,0.0,0.0,1.0,0.0,0.0,1.0,0.0
750.0,46.0,701.6980775674542,701.8404877613661,687.6335443592284,0.0,0.0,0.0,1.0,0.0,0.0,1.0,0.0,0.0,0.0,0.0,1.0,0.0,0.0,1.0,0.0
695.0,59.0,710.7500724586687,702.071794642295,702.2528716519531,0.0,0.0,0.0,1.0,0.0,0.0,1.0,0.0,0.0,0.0,0.0,1.0,0.0,0.0,1.0,0.0
450.0,40.0,701.6980775674542,677.8219843307708,687.6335443592284,0.0,0.0,0.0,1.0,0.0,0.0,1.0,0.0,0.0,0.0,0.0,1.0,0.0,0.0,1.0,0.0
720.0,58.0,678.6640137059316,677.8219843307708,687.6335443592284,0.0,0.0,0.0,1.0,0.0,0.0,0.0,1.0,0.0,0.0,0.0,1.0,0.0,0.0,1.0,0.0
745.0,73.0,696.0922226905212,677.8219843307708,702.2528716519531,0.0,0.0,0.0,1.0,0.0,0.0,0.0,1.0,0.0,0.0,0.0,1.0,0.0,0.0,1.0,0.0
720.0,69.6,696.0922226905212,677.8219843307708,702.2528716519531,0.0,0.0,0.0,1.0,0.0,0.0,0.0,1.0,0.0,0.0,0.0,1.0,0.0,0.0,1.0,0.0
750.0,55.0,701.6980775674542,702.071794642295,687.6335443592284,0.0,0.0,0.0,1.0,0.0,0.0,0.0,1.0,0.0,0.0,0.0,1.0,0.0,0.0,1.0,0.0
720.0,48.0,701.6980775674542,702.071794642295,702.2528716519531,0.0,0.0,0.0,0.0,0.0,1.0,0.0,0.0,0.0,0.0,1.0,1.0,0.0,0.0,1.0,0.0
725.0,44.0,697.9828806237634,702.071794642295,702.2528716519531,0.0,0.0,0.0,0.0,0.0,1.0,0.0,0.0,0.0,0.0,1.0,1.0,0.0,0.0,0.0,1.0
750.0,80.0,698.3045241054774,702.071794642295,702.2528716519531,0.0,0.0,0.0,1.0,0.0,0.0,0.0,1.0,0.0,0.0,0.0,1.0,0.0,0.0,0.0,1.0
550.0,86.0,701.6980775674542,677.8219843307708,702.2528716519531,0.0,0.0,0.0,1.0,0.0,0.0,0.0,1.0,0.0,0.0,0.0,1.0,0.0,0.0,1.0,0.0
640.0,69.0,696.0922226905212,677.8219843307708,702.2528716519531,0.0,0.0,0.0,1.0,0.0,0.0,0.0,1.0,0.0,0.0,0.0,1.0,0.0,0.0,1.0,0.0
700.0,54.0,701.6980775674542,677.8219843307708,702.2528716519531,0.0,0.0,0.0,1.0,0.0,0.0,1.0,0.0,0.0,0.0,0.0,1.0,0.0,0.0,1.0,0.0
700.0,59.0,697.480889673296,702.071794642295,702.2528716519531,0.0,0.0,0.0,1.0,0.0,0.0,1.0,0.0,0.0,0.0,0.0,1.0,0.0,0.0,1.0,0.0
700.0,75.0,701.6980775674542,677.8219843307708,687.6335443592284,0.0,0.0,0.0,1.0,0.0,0.0,0.0,1.0,0.0,0.0,0.0,1.0,0.0,0.0,1.0,0.0
695.0,62.0,697.6898426464414,701.8404877613661,687.6335443592284,0.0,0.0,0.0,1.0,0.0,0.0,0.0,1.0,0.0,0.0,0.0,1.0,0.0,0.0,0.0,1.0
